{
	"letters": [
		[
			{
				"raw": [[0, 219.5], [258, -98.7, 90.2, -137.2, 209.5, -129.3], [95.5, 193.5, 104.1, 65.6, 39.1, 194.1], [81.5, -112.7, 68.9, -0.8, 100.8, -109.4], [-14.6, 102.1, -6.7, -1.1, -39.1, 60.3], [151.1, -19.9, 26.9, 45.8, 116, 65.5], [15.2, -84.9, 9.3, -22.5, 21.4, -84.8], [11.9, 139.9, -11.9, -0.1, -65.9, 134], [330.8, 21.9, 78.9, 6, 159.1, -55]]
			},
			{
				"raw": [[0, 219.5], [201.6, -60.4, 61.7, -71.7, 136.7, -89.1], [149.8, 136.6, 85.5, 37.8, 93.5, 137.2], [78.2, -68.9, 68.9, -0.8, 97.4, -65.6], [-9.3, 76.9, -6.7, -1.1, -33.8, 35.1], [151.1, -19.9, 26.9, 45.8, 116, 65.5], [2, -65, 9.3, -22.5, 8.1, -64.9], [23.2, 159.1, -11.9, -0.1, -59, 116], [297.7, -147.9, 70.2, 36.7, 173.8, -17.9]]
			}
		],
		[
			{
				"raw": [[3.4, 307.7], [129.3, -108.2, 75.6, -2.60001, 71.6, -108.2], [22.5, 112.7, 72.5, 0, -10.7, 118.8], [95.5, -102.8, 32.5, -6, 106.4, -161.6], [13.3, -8, -20.5, 110.7, -39.6, 63.6], [-17.9, 92.1, 22.5, -30.5, -15.2, 100.1], [42.4, -79.5, -2.9, -8.6, 31.3, -89.2], [6, 94.8, 9.9, 8.6, -15.9, 94.8], [104.7, -108.7, 59, 0, 57.2, -120.9], [99.4, 1.3, 96.1, 24.5, -64.1, 249.5], [91.5, -11.3, 93.5, -141.9, 104.1, -4.6], [50.4, -36.5, -12.3, -6.5, 31.7, -82.3], [207.5, 45.1, 129.9, 319.5, 229.6, 61.4], [-43.8, 158.4, -12.6, -9.3, -17.9, 96.1], [-143.9, 47.1, -38, 91.7, -172.2, 106.1], [269.1, -216.1, 58.3, -121.3, 269.1, -125.3]]
			},
			{
				"raw": [[3.4, 307.7], [151.1, -136.7, 89.5, 5.89999, 93.5, -136.7], [0.7, 141.2, 72.5, 0, -32.6, 147.3], [95.5, -102.8, 32.5, -6, 66.3, -50.5], [24.5, -6, 12.6, -22.5, 23.3, -17.6], [-29.2, 90.2, 4.6, 45.7, -26.5, 98.1], [42.4, -79.5, -2.9, -8.6, 31.3, -89.2], [6, 94.8, 9.9, 8.6, -15.9, 94.8], [121.3, -104.1, 59, 0, 100.9, -107.2], [82.9, -3.3, 47.1, 7.3, -90.1, 238.4], [95.5, -90.2, 65, -90.8, 81.2, -90.8], [46.4, 42.4, 14.6, 0.7, 27.2, 8.6], [207.5, 45.1, 170.5, 299.8, 196.2, 34.5], [-43.8, 158.4, 11.4, 10.7, -17.9, 96.1], [-143.9, 47.1, -38, 91.7, -172.2, 106.1], [269.1, -216.1, 58.3, -121.3, 269.1, -125.3]]
			}
		],
		[
			{
				"raw": [[929.5, 293.7], [-114.7, -98.8, -183.6, 45.1, -31.8, -99.8], [-107.4, 118, -52.4, 0.7, -59.7, 116.7], [-21.9, -102.8, -49.3, 1.4, 4.6, -138.7], [-15.9, 4, -57, 77.2, -41.1, 142.5], [-116.7, 96.1, 7.5, -41.3, -46.9, 48.5], [-185.6, 129.3, -27.2, 18.6, -254.4, 120.4], [102.1, -149.8, 130.8, 16.8, 187.6, -183], [82.2, -32.4, -24.9, 9.7, 61.1, 30], [-92.8, -59, 14.6, -43.1, -45.7, -101.4], [-244.6, 196.1, -52.7, 47.5, -116.7, 194.4], [-47.7, -175.7, -200.9, 2.7, -21.9, -269.1], [-71.6, 94.9, -1.7, 6.3, -13.3, 86.8], [-92.8, -117.3, -68.4, 9.49999, -17.9, -113.3]]
			},
			{
				"raw": [[926.8, 275.8], [-143.8, -54.4, -165.7, 88.8, -85.5, -47.8], [-75.6, 91.5, -52, -5.9, -27.8, 90.2], [-21.9, -102.8, -49.3, 1.4, -9.8, -115.7], [-15.9, 4, -9.3, 9.9, -33.8, 85.5], [-116.7, 96.1, 9, -41, -46.9, 48.5], [-185.6, 129.3, -27.2, 18.6, -254.4, 120.4], [102.1, -149.8, 130.8, 16.8, 64.3, -133.9], [82.2, -32.4, 24.7, -10.4, 63.2, 30.7], [-124, -88.9, 27.8, -92.3, -76.9, -131.4], [-132.5, 189.6, -52.6, 47.5, -39.7, 181.6], [-128.6, -139.2, -146.2, 12.5, -92.2, -109.7], [-71.6, 94.9, -13.9, -11.3, -13.3, 86.8], [-92.8, -117.4, -68.4, 9.4, -17.9, -113.4]]

			}
		]
	]
}